claude-3-5-haiku-latest,input,2957,2025-12-16 14:36:08.569856,main.py
claude-3-5-haiku-latest,output,1,2025-12-16 14:36:08.570666,main.py
gemini-2.5-pro,input,2876,2025-12-16 14:36:54.294655,main.py
gemini-2.5-pro,output,408,2025-12-16 14:36:54.295216,main.py
gemini-2.5-flash,input,476,2025-12-16 14:36:55.208192,main.py
gemini-2.5-flash,output,1,2025-12-16 14:36:55.208599,main.py
gemini-2.5-pro,input,2876,2025-12-16 14:37:13.752309,main.py
gemini-2.5-pro,output,724,2025-12-16 14:37:13.756081,main.py
gemini-2.5-flash,input,792,2025-12-16 14:37:14.661961,main.py
gemini-2.5-flash,output,1,2025-12-16 14:37:14.662208,main.py
gemini-2.5-pro,input,2876,2025-12-16 14:37:33.761634,main.py
gemini-2.5-pro,output,606,2025-12-16 14:37:33.764328,main.py
gemini-2.5-flash,input,674,2025-12-16 14:37:34.834862,main.py
gemini-2.5-flash,output,1,2025-12-16 14:37:34.835302,main.py
gemini-2.5-pro,input,5881,2025-12-16 14:42:27.703848,main.py
gemini-2.5-pro,output,250,2025-12-16 14:42:27.706647,main.py
gemini-2.5-pro,input,5881,2025-12-16 14:42:48.283361,main.py
gemini-2.5-pro,output,215,2025-12-16 14:42:48.286102,main.py
claude-3-5-haiku-latest,input,1561,2025-12-16 14:55:15.807892,main.py
claude-3-5-haiku-latest,output,1,2025-12-16 14:55:15.808588,main.py
gemini-2.5-pro,input,1481,2025-12-16 14:56:22.684740,main.py
gemini-2.5-pro,output,559,2025-12-16 14:56:22.685062,main.py
gemini-2.5-flash,input,627,2025-12-16 14:56:23.420208,main.py
gemini-2.5-flash,output,1,2025-12-16 14:56:23.421025,main.py
gemini-2.5-pro,input,1481,2025-12-16 14:56:40.240413,main.py
gemini-2.5-pro,output,410,2025-12-16 14:56:40.243214,main.py
gemini-2.5-flash,input,477,2025-12-16 14:56:40.918832,main.py
gemini-2.5-flash,output,1,2025-12-16 14:56:40.919234,main.py
claude-3-5-haiku-latest,input,3257,2025-12-16 15:18:42.194094,main.py
claude-3-5-haiku-latest,output,1,2025-12-16 15:18:42.194880,main.py
gemini-2.5-pro,input,3177,2025-12-16 15:19:35.045272,main.py
gemini-2.5-pro,output,711,2025-12-16 15:19:35.045979,main.py
gemini-2.5-flash,input,779,2025-12-16 15:19:35.845037,main.py
gemini-2.5-flash,output,1,2025-12-16 15:19:35.845323,main.py
gemini-2.5-pro,input,3177,2025-12-16 15:19:52.654080,main.py
gemini-2.5-pro,output,477,2025-12-16 15:19:52.658112,main.py
gemini-2.5-flash,input,545,2025-12-16 15:19:53.354051,main.py
gemini-2.5-flash,output,1,2025-12-16 15:19:53.354401,main.py
gemini-2.5-pro,input,4441,2025-12-16 15:20:09.399946,main.py
gemini-2.5-pro,output,167,2025-12-16 15:20:09.400450,main.py
gemini-2.5-pro,input,2027,2025-12-16 15:20:18.683787,main.py
gemini-2.5-pro,output,134,2025-12-16 15:20:18.684361,main.py
gemini-2.5-pro,input,6188,2025-12-16 15:21:50.851841,main.py
gemini-2.5-pro,output,247,2025-12-16 15:21:50.854515,main.py
gemini-2.5-pro,input,3773,2025-12-16 15:22:00.917412,main.py
gemini-2.5-pro,output,268,2025-12-16 15:22:00.917932,main.py
claude-3-5-haiku-latest,input,4781,2025-12-16 15:52:57.131272,main.py
claude-3-5-haiku-latest,output,1,2025-12-16 15:52:57.132080,main.py
gemini-2.5-pro,input,4701,2025-12-16 15:53:39.067787,main.py
gemini-2.5-pro,output,677,2025-12-16 15:53:39.068278,main.py
gemini-2.5-flash,input,745,2025-12-16 15:53:41.415062,main.py
gemini-2.5-flash,output,1,2025-12-16 15:53:41.415983,main.py
gemini-2.5-pro,input,4701,2025-12-16 15:54:02.408436,main.py
gemini-2.5-pro,output,677,2025-12-16 15:54:02.412701,main.py
gemini-2.5-flash,input,745,2025-12-16 15:54:03.126151,main.py
gemini-2.5-flash,output,1,2025-12-16 15:54:03.126548,main.py
gemini-2.5-pro,input,5322,2025-12-16 15:55:31.033649,main.py
gemini-2.5-pro,output,229,2025-12-16 15:55:31.035077,main.py
gemini-2.5-pro,input,7739,2025-12-16 15:55:46.652458,main.py
gemini-2.5-pro,output,310,2025-12-16 15:55:46.652944,main.py
claude-3-5-haiku-latest,input,6589,2025-12-16 16:31:52.948959,main.py
claude-3-5-haiku-latest,output,1,2025-12-16 16:31:52.949556,main.py
gemini-2.5-pro,input,6509,2025-12-16 16:32:47.047714,main.py
gemini-2.5-pro,output,721,2025-12-16 16:32:47.048410,main.py
gemini-2.5-flash,input,788,2025-12-16 16:32:47.992534,main.py
gemini-2.5-flash,output,1,2025-12-16 16:32:47.993036,main.py
gemini-2.5-pro,input,6509,2025-12-16 16:33:08.116886,main.py
gemini-2.5-pro,output,478,2025-12-16 16:33:08.118992,main.py
gemini-2.5-flash,input,546,2025-12-16 16:33:09.202864,main.py
gemini-2.5-flash,output,1,2025-12-16 16:33:09.203332,main.py
gemini-2.5-pro,input,7190,2025-12-16 16:37:58.425288,main.py
gemini-2.5-pro,output,176,2025-12-16 16:37:58.428353,main.py
gemini-2.5-pro,input,9607,2025-12-16 16:38:11.074026,main.py
gemini-2.5-pro,output,213,2025-12-16 16:38:11.074489,main.py
claude-3-5-haiku-latest,input,3898,2025-12-16 17:20:27.445234,main.py
claude-3-5-haiku-latest,output,1,2025-12-16 17:20:27.445973,main.py
gemini-2.5-pro,input,3818,2025-12-16 17:20:54.641663,main.py
gemini-2.5-pro,output,728,2025-12-16 17:20:54.642294,main.py
gemini-2.5-flash,input,796,2025-12-16 17:20:55.525980,main.py
gemini-2.5-flash,output,1,2025-12-16 17:20:55.526466,main.py
gemini-2.5-pro,input,3818,2025-12-16 17:21:15.283046,main.py
gemini-2.5-pro,output,651,2025-12-16 17:21:15.285677,main.py
gemini-2.5-flash,input,719,2025-12-16 17:21:16.074019,main.py
gemini-2.5-flash,output,1,2025-12-16 17:21:16.074480,main.py
gemini-2.5-pro,input,6771,2025-12-16 17:27:38.720057,main.py
gemini-2.5-pro,output,211,2025-12-16 17:27:38.721041,main.py
gemini-2.5-pro,input,4353,2025-12-16 17:27:48.246458,main.py
gemini-2.5-pro,output,224,2025-12-16 17:27:48.247055,main.py
claude-3-5-haiku-latest,input,3040,2025-12-17 11:16:28.788241,main.py
claude-3-5-haiku-latest,output,1,2025-12-17 11:16:28.789159,main.py
gemini-2.5-pro,input,2959,2025-12-17 11:16:57.507703,main.py
gemini-2.5-pro,output,769,2025-12-17 11:16:57.508218,main.py
gemini-2.5-flash,input,837,2025-12-17 11:17:09.907067,main.py
gemini-2.5-flash,output,1,2025-12-17 11:17:09.907636,main.py
gemini-2.5-pro,input,2959,2025-12-17 11:17:26.555727,main.py
gemini-2.5-pro,output,455,2025-12-17 11:17:26.556085,main.py
gemini-2.5-flash,input,523,2025-12-17 11:17:35.662462,main.py
gemini-2.5-flash,output,1,2025-12-17 11:17:35.663914,main.py
gemini-2.5-pro,input,3648,2025-12-17 11:43:41.059365,main.py
gemini-2.5-pro,output,196,2025-12-17 11:43:41.059853,main.py
gemini-2.5-pro,input,5863,2025-12-17 11:43:55.082385,main.py
gemini-2.5-pro,output,134,2025-12-17 11:43:55.083027,main.py
claude-3-5-haiku-latest,input,6997,2025-12-17 14:36:08.437322,main.py
claude-3-5-haiku-latest,output,1,2025-12-17 14:36:08.438168,main.py
claude-3-5-haiku-latest,input,7082,2025-12-17 14:36:10.729243,main.py
claude-3-5-haiku-latest,output,1,2025-12-17 14:36:10.729624,main.py
claude-3-5-haiku-latest,input,3508,2025-12-17 14:36:13.078214,main.py
claude-3-5-haiku-latest,output,1,2025-12-17 14:36:13.078568,main.py
claude-3-5-haiku-latest,input,1488,2025-12-17 14:36:14.353071,main.py
claude-3-5-haiku-latest,output,1,2025-12-17 14:36:14.353432,main.py
gemini-2.5-pro,input,6917,2025-12-17 14:36:53.980938,main.py
gemini-2.5-pro,output,934,2025-12-17 14:36:53.981377,main.py
gemini-2.5-flash,input,1002,2025-12-17 14:36:54.691128,main.py
gemini-2.5-flash,output,1,2025-12-17 14:36:54.691484,main.py
gemini-2.5-pro,input,6917,2025-12-17 14:37:17.356315,main.py
gemini-2.5-pro,output,705,2025-12-17 14:37:17.356775,main.py
gemini-2.5-flash,input,773,2025-12-17 14:37:18.891791,main.py
gemini-2.5-flash,output,1,2025-12-17 14:37:18.891997,main.py
gemini-2.5-pro,input,7002,2025-12-17 14:37:40.635235,main.py
gemini-2.5-pro,output,597,2025-12-17 14:37:40.638388,main.py
gemini-2.5-flash,input,665,2025-12-17 14:37:41.682876,main.py
gemini-2.5-flash,output,1,2025-12-17 14:37:41.683277,main.py
gemini-2.5-pro,input,7002,2025-12-17 14:38:06.975134,main.py
gemini-2.5-pro,output,842,2025-12-17 14:38:06.978134,main.py
gemini-2.5-flash,input,910,2025-12-17 14:38:08.028998,main.py
gemini-2.5-flash,output,1,2025-12-17 14:38:08.029263,main.py
gemini-2.5-pro,input,3428,2025-12-17 14:38:48.494822,main.py
gemini-2.5-pro,output,642,2025-12-17 14:38:48.497326,main.py
gemini-2.5-flash,input,709,2025-12-17 14:38:50.063215,main.py
gemini-2.5-flash,output,1,2025-12-17 14:38:50.064109,main.py
gemini-2.5-pro,input,3428,2025-12-17 14:39:14.506746,main.py
gemini-2.5-pro,output,858,2025-12-17 14:39:14.509133,main.py
gemini-2.5-flash,input,926,2025-12-17 14:39:16.600249,main.py
gemini-2.5-flash,output,1,2025-12-17 14:39:16.600397,main.py
gemini-2.5-pro,input,3428,2025-12-17 14:39:39.647958,main.py
gemini-2.5-pro,output,596,2025-12-17 14:39:39.648550,main.py
gemini-2.5-flash,input,663,2025-12-17 14:39:40.820643,main.py
gemini-2.5-flash,output,1,2025-12-17 14:39:40.820870,main.py
gemini-2.5-pro,input,1407,2025-12-17 14:40:03.098880,main.py
gemini-2.5-pro,output,685,2025-12-17 14:40:03.101550,main.py
gemini-2.5-flash,input,753,2025-12-17 14:40:04.886324,main.py
gemini-2.5-flash,output,1,2025-12-17 14:40:04.886767,main.py
gemini-2.5-pro,input,1407,2025-12-17 14:40:28.743932,main.py
gemini-2.5-pro,output,724,2025-12-17 14:40:28.746559,main.py
gemini-2.5-flash,input,792,2025-12-17 14:40:31.551882,main.py
gemini-2.5-flash,output,1,2025-12-17 14:40:31.552680,main.py
gemini-2.5-pro,input,7474,2025-12-17 14:41:03.562984,main.py
gemini-2.5-pro,output,216,2025-12-17 14:41:03.565649,main.py
gemini-2.5-pro,input,9890,2025-12-17 14:41:20.050544,main.py
gemini-2.5-pro,output,308,2025-12-17 14:41:20.053331,main.py
gemini-2.5-pro,input,7714,2025-12-17 14:41:28.176874,main.py
gemini-2.5-pro,output,152,2025-12-17 14:41:28.177116,main.py
gemini-2.5-pro,input,10127,2025-12-17 14:41:48.806236,main.py
gemini-2.5-pro,output,301,2025-12-17 14:41:48.809106,main.py
gemini-2.5-pro,input,6618,2025-12-17 14:42:00.158907,main.py
gemini-2.5-pro,output,201,2025-12-17 14:42:00.161738,main.py
gemini-2.5-pro,input,6619,2025-12-17 14:42:14.316281,main.py
gemini-2.5-pro,output,187,2025-12-17 14:42:14.318916,main.py
gemini-2.5-pro,input,4320,2025-12-17 14:42:49.123671,main.py
gemini-2.5-pro,output,153,2025-12-17 14:42:49.127101,main.py
gemini-2.5-pro,input,4320,2025-12-17 14:43:02.725142,main.py
gemini-2.5-pro,output,195,2025-12-17 14:43:02.725845,main.py
claude-3-5-haiku-latest,input,18016,2025-12-17 19:45:24.615848,main.py
claude-3-5-haiku-latest,output,1,2025-12-17 19:45:24.616731,main.py
gemini-2.5-pro,input,17936,2025-12-17 19:46:09.694836,main.py
gemini-2.5-pro,output,675,2025-12-17 19:46:09.695245,main.py
gemini-2.5-flash,input,743,2025-12-17 19:46:10.847362,main.py
gemini-2.5-flash,output,1,2025-12-17 19:46:10.847822,main.py
gemini-2.5-pro,input,17936,2025-12-17 19:46:35.671123,main.py
gemini-2.5-pro,output,764,2025-12-17 19:46:35.674070,main.py
gemini-2.5-flash,input,832,2025-12-17 19:46:36.795693,main.py
gemini-2.5-flash,output,1,2025-12-17 19:46:36.798783,main.py
gemini-2.5-pro,input,17936,2025-12-17 19:47:10.552753,main.py
gemini-2.5-pro,output,692,2025-12-17 19:47:10.557305,main.py
gemini-2.5-flash,input,760,2025-12-17 19:47:11.521735,main.py
gemini-2.5-flash,output,1,2025-12-17 19:47:11.522110,main.py
gemini-2.5-pro,input,17936,2025-12-17 19:47:48.294137,main.py
gemini-2.5-pro,output,688,2025-12-17 19:47:48.294703,main.py
gemini-2.5-flash,input,756,2025-12-17 19:47:49.854588,main.py
gemini-2.5-flash,output,1,2025-12-17 19:47:49.854914,main.py
gemini-2.5-pro,input,17936,2025-12-17 19:48:13.972067,main.py
gemini-2.5-pro,output,602,2025-12-17 19:48:13.972709,main.py
gemini-2.5-flash,input,669,2025-12-17 19:48:15.484823,main.py
gemini-2.5-flash,output,1,2025-12-17 19:48:15.487748,main.py
gemini-2.5-pro,input,17936,2025-12-17 19:48:40.541435,main.py
gemini-2.5-pro,output,1096,2025-12-17 19:48:40.543871,main.py
gemini-2.5-flash,input,1164,2025-12-17 19:48:41.442146,main.py
gemini-2.5-flash,output,1,2025-12-17 19:48:41.442409,main.py
gemini-2.5-pro,input,17936,2025-12-17 19:49:09.485947,main.py
gemini-2.5-pro,output,764,2025-12-17 19:49:09.486384,main.py
gemini-2.5-flash,input,832,2025-12-17 19:49:10.399923,main.py
gemini-2.5-flash,output,2,2025-12-17 19:49:10.400743,main.py
gemini-2.5-pro,input,17936,2025-12-17 19:49:33.708183,main.py
gemini-2.5-pro,output,654,2025-12-17 19:49:33.708579,main.py
gemini-2.5-flash,input,722,2025-12-17 19:49:35.047503,main.py
gemini-2.5-flash,output,1,2025-12-17 19:49:35.048556,main.py
claude-3-5-haiku-latest,input,3390,2025-12-17 20:07:16.877317,main.py
claude-3-5-haiku-latest,output,1,2025-12-17 20:07:16.878042,main.py
gemini-2.5-pro,input,3309,2025-12-17 20:07:57.327677,main.py
gemini-2.5-pro,output,725,2025-12-17 20:07:57.330238,main.py
gemini-2.5-flash,input,793,2025-12-17 20:07:58.639697,main.py
gemini-2.5-flash,output,1,2025-12-17 20:07:58.639836,main.py
gemini-2.5-pro,input,3309,2025-12-17 20:08:21.390303,main.py
gemini-2.5-pro,output,863,2025-12-17 20:08:21.392982,main.py
gemini-2.5-flash,input,931,2025-12-17 20:08:22.308843,main.py
gemini-2.5-flash,output,1,2025-12-17 20:08:22.312761,main.py
gemini-2.5-pro,input,21280,2025-12-17 20:11:07.590891,main.py
gemini-2.5-pro,output,136,2025-12-17 20:11:07.595503,main.py
gemini-2.5-pro,input,21280,2025-12-17 20:11:21.614565,main.py
gemini-2.5-pro,output,154,2025-12-17 20:11:21.615048,main.py
gemini-2.5-pro,input,21279,2025-12-17 20:11:32.863507,main.py
gemini-2.5-pro,output,164,2025-12-17 20:11:32.863921,main.py
gemini-2.5-pro,input,21273,2025-12-17 20:11:57.770411,main.py
gemini-2.5-pro,output,252,2025-12-17 20:11:57.773374,main.py
gemini-2.5-pro,input,21279,2025-12-17 20:12:13.121429,main.py
gemini-2.5-pro,output,202,2025-12-17 20:12:13.122279,main.py
gemini-2.5-pro,input,21280,2025-12-17 20:12:26.025842,main.py
gemini-2.5-pro,output,313,2025-12-17 20:12:26.026047,main.py
gemini-2.5-pro,input,21280,2025-12-17 20:12:53.830171,main.py
gemini-2.5-pro,output,236,2025-12-17 20:12:53.833004,main.py
gemini-2.5-pro,input,6221,2025-12-17 20:13:23.004144,main.py
gemini-2.5-pro,output,302,2025-12-17 20:13:23.007019,main.py
gemini-2.5-pro,input,6222,2025-12-17 20:13:40.681684,main.py
gemini-2.5-pro,output,258,2025-12-17 20:13:40.684250,main.py
gemini-2.5-pro,input,647,2025-12-18 10:38:37.826270,main.py
gemini-2.5-pro,output,10,2025-12-18 10:38:37.826792,main.py
gemini-2.5-pro,input,954,2025-12-18 10:39:07.303893,main.py
gemini-2.5-pro,output,8,2025-12-18 10:39:07.304399,main.py
claude-3-5-haiku-latest,input,755,2025-12-18 10:39:22.886623,main.py
claude-3-5-haiku-latest,output,1,2025-12-18 10:39:22.887045,main.py
claude-3-5-haiku-latest,input,1062,2025-12-18 10:39:40.712929,main.py
claude-3-5-haiku-latest,output,1,2025-12-18 10:39:40.713261,main.py
gemini-2.5-pro,input,1219,2025-12-18 10:41:00.383297,main.py
gemini-2.5-pro,output,860,2025-12-18 10:41:00.383788,main.py
claude-3-5-haiku-latest,input,6455,2025-12-18 10:41:28.621685,main.py
claude-3-5-haiku-latest,output,1,2025-12-18 10:41:28.622337,main.py
gemini-2.5-pro,input,1461,2025-12-18 10:41:41.199392,main.py
gemini-2.5-pro,output,95,2025-12-18 10:41:41.199899,main.py
gemini-2.5-pro,input,1180,2025-12-18 10:42:26.665375,main.py
gemini-2.5-pro,output,534,2025-12-18 10:42:26.665716,main.py
gemini-2.5-pro,input,6374,2025-12-18 10:42:57.687827,main.py
gemini-2.5-pro,output,729,2025-12-18 10:42:57.690361,main.py
gemini-2.5-flash,input,797,2025-12-18 10:42:58.634685,main.py
gemini-2.5-flash,output,1,2025-12-18 10:42:58.635032,main.py
gemini-2.5-pro,input,6374,2025-12-18 10:43:20.139997,main.py
gemini-2.5-pro,output,759,2025-12-18 10:43:20.140862,main.py
gemini-2.5-flash,input,827,2025-12-18 10:43:20.892470,main.py
gemini-2.5-flash,output,1,2025-12-18 10:43:20.893022,main.py
gemini-2.5-pro,input,7435,2025-12-18 10:44:32.722997,main.py
gemini-2.5-pro,output,237,2025-12-18 10:44:32.725655,main.py
gemini-2.5-pro,input,9359,2025-12-18 10:44:47.330204,main.py
gemini-2.5-pro,output,248,2025-12-18 10:44:47.330717,main.py
claude-3-5-haiku-latest,input,2375,2025-12-18 11:14:29.972878,main.py
claude-3-5-haiku-latest,output,1,2025-12-18 11:14:29.973614,main.py
gemini-2.5-pro,input,2295,2025-12-18 11:15:07.853509,main.py
gemini-2.5-pro,output,572,2025-12-18 11:15:07.854179,main.py
gemini-2.5-flash,input,640,2025-12-18 11:15:08.637547,main.py
gemini-2.5-flash,output,1,2025-12-18 11:15:08.637933,main.py
gemini-2.5-pro,input,2295,2025-12-18 11:15:29.252205,main.py
gemini-2.5-pro,output,570,2025-12-18 11:15:29.252890,main.py
gemini-2.5-flash,input,638,2025-12-18 11:15:30.176851,main.py
gemini-2.5-flash,output,1,2025-12-18 11:15:30.177436,main.py
gemini-2.5-pro,input,5221,2025-12-18 11:17:39.405386,main.py
gemini-2.5-pro,output,210,2025-12-18 11:17:39.405970,main.py
gemini-2.5-pro,input,3225,2025-12-18 11:17:51.182312,main.py
gemini-2.5-pro,output,175,2025-12-18 11:17:51.182719,main.py
claude-3-5-haiku-latest,input,9462,2025-12-18 16:39:55.090143,main.py
claude-3-5-haiku-latest,output,1,2025-12-18 16:39:55.090800,main.py
gemini-2.5-pro,input,9381,2025-12-18 16:40:26.260212,main.py
gemini-2.5-pro,output,908,2025-12-18 16:40:26.260396,main.py
gemini-2.5-flash,input,976,2025-12-18 16:40:27.520678,main.py
gemini-2.5-flash,output,1,2025-12-18 16:40:27.520991,main.py
gemini-2.5-pro,input,9381,2025-12-18 16:40:45.551870,main.py
gemini-2.5-pro,output,685,2025-12-18 16:40:45.552454,main.py
gemini-2.5-flash,input,753,2025-12-18 16:40:46.458349,main.py
gemini-2.5-flash,output,1,2025-12-18 16:40:46.458934,main.py
gemini-2.5-pro,input,12243,2025-12-18 16:45:36.709503,main.py
gemini-2.5-pro,output,221,2025-12-18 16:45:36.710370,main.py
gemini-2.5-pro,input,11436,2025-12-18 16:45:52.885878,main.py
gemini-2.5-pro,output,372,2025-12-18 16:45:52.886530,main.py
gemini-3-flash-preview,input,8007,2025-12-18 16:51:55.529347,main.py
gemini-3-flash-preview,output,1,2025-12-18 16:51:55.531905,main.py
gemini-3-flash-preview,input,4960,2025-12-18 16:52:01.487239,main.py
gemini-3-flash-preview,output,1,2025-12-18 16:52:01.487662,main.py
gemini-3-pro-preview,input,7927,2025-12-18 16:52:44.503720,main.py
gemini-3-pro-preview,output,38,2025-12-18 16:52:44.504355,main.py
gemini-3-flash-preview,input,106,2025-12-18 16:52:47.853108,main.py
gemini-3-flash-preview,output,1,2025-12-18 16:52:47.853391,main.py
gemini-3-pro-preview,input,7927,2025-12-18 16:53:33.324943,main.py
gemini-3-pro-preview,output,0,2025-12-18 16:53:33.327928,main.py
gemini-3-flash-preview,input,7927,2025-12-18 16:53:52.388728,main.py
gemini-3-flash-preview,output,725,2025-12-18 16:53:52.389230,main.py
gemini-3-flash-preview,input,805,2025-12-18 16:54:08.568121,main.py
gemini-3-flash-preview,output,1,2025-12-18 16:54:08.568626,main.py
gemini-3-pro-preview,input,4879,2025-12-18 16:54:37.137815,main.py
gemini-3-pro-preview,output,521,2025-12-18 16:54:37.140762,main.py
gemini-3-flash-preview,input,6448,2025-12-18 16:54:39.083295,main.py
gemini-3-flash-preview,output,1,2025-12-18 16:54:39.083854,main.py
gemini-3-flash-preview,input,589,2025-12-18 16:54:41.349150,main.py
gemini-3-flash-preview,output,1,2025-12-18 16:54:41.350111,main.py
gemini-3-pro-preview,input,4879,2025-12-18 16:54:58.281295,main.py
gemini-3-pro-preview,output,425,2025-12-18 16:54:58.284078,main.py
gemini-3-flash-preview,input,492,2025-12-18 16:55:00.131558,main.py
gemini-3-flash-preview,output,1,2025-12-18 16:55:00.131721,main.py
gemini-3-pro-preview,input,6368,2025-12-18 16:55:28.443292,main.py
gemini-3-pro-preview,output,433,2025-12-18 16:55:28.445817,main.py
gemini-3-flash-preview,input,501,2025-12-18 16:55:30.417487,main.py
gemini-3-flash-preview,output,1,2025-12-18 16:55:30.418034,main.py
gemini-3-pro-preview,input,6368,2025-12-18 16:55:47.854201,main.py
gemini-3-pro-preview,output,502,2025-12-18 16:55:47.854655,main.py
gemini-3-flash-preview,input,570,2025-12-18 16:55:50.075774,main.py
gemini-3-flash-preview,output,1,2025-12-18 16:55:50.076228,main.py
gemini-3-pro-preview,input,8326,2025-12-18 16:58:24.187639,main.py
gemini-3-pro-preview,output,317,2025-12-18 16:58:24.188606,main.py
gemini-3-pro-preview,input,10753,2025-12-18 16:58:40.868589,main.py
gemini-3-pro-preview,output,175,2025-12-18 16:58:40.869062,main.py
gemini-3-pro-preview,input,5218,2025-12-18 16:59:22.327336,main.py
gemini-3-pro-preview,output,259,2025-12-18 16:59:22.332416,main.py
gemini-3-pro-preview,input,7647,2025-12-18 16:59:40.348558,main.py
gemini-3-pro-preview,output,276,2025-12-18 16:59:40.351362,main.py
gemini-3-pro-preview,input,6757,2025-12-18 17:00:33.909096,main.py
gemini-3-pro-preview,output,296,2025-12-18 17:00:33.910116,main.py
gemini-3-pro-preview,input,9184,2025-12-18 17:00:55.616421,main.py
gemini-3-pro-preview,output,176,2025-12-18 17:00:55.619542,main.py
gemini-3-pro-preview,input,9843,2025-12-18 17:55:18.021762,main.py
gemini-3-pro-preview,output,377,2025-12-18 17:55:18.022838,main.py
gemini-3-flash-preview,input,12388,2025-12-19 14:07:27.077166,main.py
gemini-3-flash-preview,output,1,2025-12-19 14:07:27.078086,main.py
gemini-3-flash-preview,input,12860,2025-12-19 14:07:31.782291,main.py
gemini-3-flash-preview,output,1,2025-12-19 14:07:31.782571,main.py
gemini-3-flash-preview,input,12308,2025-12-19 14:08:03.553930,main.py
gemini-3-flash-preview,output,563,2025-12-19 14:08:03.556364,main.py
gemini-3-flash-preview,input,631,2025-12-19 14:08:05.078762,main.py
gemini-3-flash-preview,output,1,2025-12-19 14:08:05.079280,main.py
gemini-3-flash-preview,input,12308,2025-12-19 14:08:23.167713,main.py
gemini-3-flash-preview,output,543,2025-12-19 14:08:23.167964,main.py
gemini-3-flash-preview,input,611,2025-12-19 14:08:24.567661,main.py
gemini-3-flash-preview,output,1,2025-12-19 14:08:24.568192,main.py
gemini-3-flash-preview,input,12308,2025-12-19 14:08:35.783251,main.py
gemini-3-flash-preview,output,649,2025-12-19 14:08:35.783617,main.py
gemini-3-flash-preview,input,716,2025-12-19 14:08:37.317461,main.py
gemini-3-flash-preview,output,1,2025-12-19 14:08:37.318541,main.py
gemini-3-flash-preview,input,12308,2025-12-19 14:08:47.663196,main.py
gemini-3-flash-preview,output,424,2025-12-19 14:08:47.663827,main.py
gemini-3-flash-preview,input,492,2025-12-19 14:08:49.301060,main.py
gemini-3-flash-preview,output,1,2025-12-19 14:08:49.301628,main.py
gemini-3-flash-preview,input,12780,2025-12-19 14:09:19.581488,main.py
gemini-3-flash-preview,output,209,2025-12-19 14:09:19.582073,main.py
gemini-3-flash-preview,input,277,2025-12-19 14:09:21.616443,main.py
gemini-3-flash-preview,output,1,2025-12-19 14:09:21.617001,main.py
gemini-3-flash-preview,input,12780,2025-12-19 14:09:35.286460,main.py
gemini-3-flash-preview,output,630,2025-12-19 14:09:35.289049,main.py
gemini-3-flash-preview,input,698,2025-12-19 14:09:37.426305,main.py
gemini-3-flash-preview,output,1,2025-12-19 14:09:37.426587,main.py
gemini-3-flash-preview,input,12780,2025-12-19 14:09:50.086788,main.py
gemini-3-flash-preview,output,546,2025-12-19 14:09:50.088365,main.py
gemini-3-flash-preview,input,614,2025-12-19 14:09:52.073554,main.py
gemini-3-flash-preview,output,1,2025-12-19 14:09:52.073966,main.py
gemini-3-flash-preview,input,12780,2025-12-19 14:10:01.800148,main.py
gemini-3-flash-preview,output,538,2025-12-19 14:10:01.800862,main.py
gemini-3-flash-preview,input,606,2025-12-19 14:10:03.438396,main.py
gemini-3-flash-preview,output,1,2025-12-19 14:10:03.439016,main.py
gemini-3-flash-preview,input,7028,2025-12-19 15:43:18.633846,main.py
gemini-3-flash-preview,output,1,2025-12-19 15:43:18.634656,main.py
gemini-3-flash-preview,input,2575,2025-12-19 15:43:21.673580,main.py
gemini-3-flash-preview,output,1,2025-12-19 15:43:21.673935,main.py
gemini-3-flash-preview,input,6947,2025-12-19 15:43:43.328752,main.py
gemini-3-flash-preview,output,532,2025-12-19 15:43:43.331443,main.py
gemini-3-flash-preview,input,600,2025-12-19 15:43:45.170323,main.py
gemini-3-flash-preview,output,0,2025-12-19 15:43:45.170701,main.py
gemini-3-flash-preview,input,6947,2025-12-19 15:43:57.770196,main.py
gemini-3-flash-preview,output,692,2025-12-19 15:43:57.771037,main.py
gemini-3-flash-preview,input,760,2025-12-19 15:43:59.607907,main.py
gemini-3-flash-preview,output,1,2025-12-19 15:43:59.609194,main.py
gemini-3-flash-preview,input,2494,2025-12-19 15:44:09.541954,main.py
gemini-3-flash-preview,output,550,2025-12-19 15:44:09.542202,main.py
gemini-3-flash-preview,input,618,2025-12-19 15:44:11.282556,main.py
gemini-3-flash-preview,output,1,2025-12-19 15:44:11.283185,main.py
gemini-3-flash-preview,input,2494,2025-12-19 15:44:19.896680,main.py
gemini-3-flash-preview,output,476,2025-12-19 15:44:19.899034,main.py
gemini-3-flash-preview,input,544,2025-12-19 15:44:21.521621,main.py
gemini-3-flash-preview,output,1,2025-12-19 15:44:21.522086,main.py
gemini-3-pro-preview,input,14264,2025-12-19 15:45:02.781589,main.py
gemini-3-pro-preview,output,173,2025-12-19 15:45:02.782319,main.py
gemini-3-pro-preview,input,16429,2025-12-19 15:45:24.916412,main.py
gemini-3-pro-preview,output,500,2025-12-19 15:45:24.919060,main.py
gemini-3-pro-preview,input,16429,2025-12-19 15:45:46.354850,main.py
gemini-3-pro-preview,output,410,2025-12-19 15:45:46.355299,main.py
gemini-3-pro-preview,input,15434,2025-12-19 15:46:03.668842,main.py
gemini-3-pro-preview,output,295,2025-12-19 15:46:03.669516,main.py
gemini-3-pro-preview,input,15553,2025-12-19 15:47:57.136024,main.py
gemini-3-pro-preview,output,396,2025-12-19 15:47:57.137344,main.py
gemini-3-pro-preview,input,13135,2025-12-19 15:48:10.279526,main.py
gemini-3-pro-preview,output,158,2025-12-19 15:48:10.280316,main.py
gemini-3-pro-preview,input,13144,2025-12-19 15:48:27.209820,main.py
gemini-3-pro-preview,output,263,2025-12-19 15:48:27.212440,main.py
gemini-3-pro-preview,input,13135,2025-12-19 15:48:43.266422,main.py
gemini-3-pro-preview,output,199,2025-12-19 15:48:43.266745,main.py
gemini-3-pro-preview,input,10085,2025-12-19 15:49:28.011836,main.py
gemini-3-pro-preview,output,271,2025-12-19 15:49:28.014999,main.py
gemini-3-pro-preview,input,10083,2025-12-19 15:49:48.288313,main.py
gemini-3-pro-preview,output,352,2025-12-19 15:49:48.288746,main.py
gemini-3-pro-preview,input,5408,2025-12-19 15:50:06.867814,main.py
gemini-3-pro-preview,output,232,2025-12-19 15:50:06.868307,main.py
gemini-3-pro-preview,input,5408,2025-12-19 15:50:25.562185,main.py
gemini-3-pro-preview,output,288,2025-12-19 15:50:25.565240,main.py
gemini-3-flash-preview,input,11974,2025-12-19 17:03:42.123409,main.py
gemini-3-flash-preview,output,1,2025-12-19 17:03:42.124061,main.py
gemini-3-flash-preview,input,11893,2025-12-19 17:04:19.748400,main.py
gemini-3-flash-preview,output,414,2025-12-19 17:04:19.748762,main.py
gemini-3-flash-preview,input,482,2025-12-19 17:04:21.222567,main.py
gemini-3-flash-preview,output,1,2025-12-19 17:04:21.222988,main.py
gemini-3-flash-preview,input,11893,2025-12-19 17:04:34.045961,main.py
gemini-3-flash-preview,output,503,2025-12-19 17:04:34.046171,main.py
gemini-3-flash-preview,input,571,2025-12-19 17:04:36.016561,main.py
gemini-3-flash-preview,output,1,2025-12-19 17:04:36.017077,main.py
gemini-3-flash-preview,input,11893,2025-12-19 17:04:47.703662,main.py
gemini-3-flash-preview,output,395,2025-12-19 17:04:47.703890,main.py
gemini-3-flash-preview,input,463,2025-12-19 17:04:49.754921,main.py
gemini-3-flash-preview,output,2,2025-12-19 17:04:49.755224,main.py
gemini-3-flash-preview,input,11893,2025-12-19 17:05:02.347864,main.py
gemini-3-flash-preview,output,478,2025-12-19 17:05:02.348440,main.py
gemini-3-flash-preview,input,546,2025-12-19 17:05:03.946353,main.py
gemini-3-flash-preview,output,0,2025-12-19 17:05:03.946762,main.py
gemini-3-flash-preview,input,11893,2025-12-19 17:05:17.327782,main.py
gemini-3-flash-preview,output,636,2025-12-19 17:05:17.330448,main.py
gemini-3-flash-preview,input,704,2025-12-19 17:05:18.938776,main.py
gemini-3-flash-preview,output,1,2025-12-19 17:05:18.939094,main.py
gemini-3-flash-preview,input,11893,2025-12-19 17:05:28.460931,main.py
gemini-3-flash-preview,output,318,2025-12-19 17:05:28.463538,main.py
gemini-3-flash-preview,input,385,2025-12-19 17:05:29.891294,main.py
gemini-3-flash-preview,output,1,2025-12-19 17:05:29.891566,main.py
gemini-3-flash-preview,input,11893,2025-12-19 17:05:40.237120,main.py
gemini-3-flash-preview,output,514,2025-12-19 17:05:40.237539,main.py
gemini-3-flash-preview,input,582,2025-12-19 17:05:41.801376,main.py
gemini-3-flash-preview,output,1,2025-12-19 17:05:41.801810,main.py
gemini-3-pro-preview,input,15291,2025-12-19 17:10:00.430946,main.py
gemini-3-pro-preview,output,279,2025-12-19 17:10:00.431645,main.py
gemini-3-pro-preview,input,15290,2025-12-19 17:10:21.737503,main.py
gemini-3-pro-preview,output,214,2025-12-19 17:10:21.737867,main.py
gemini-3-pro-preview,input,15291,2025-12-19 17:10:39.961158,main.py
gemini-3-pro-preview,output,283,2025-12-19 17:10:39.961786,main.py
gemini-3-pro-preview,input,14715,2025-12-19 17:10:56.483048,main.py
gemini-3-pro-preview,output,228,2025-12-19 17:10:56.483571,main.py
gemini-3-pro-preview,input,15292,2025-12-19 17:11:09.433756,main.py
gemini-3-pro-preview,output,153,2025-12-19 17:11:09.434380,main.py
gemini-3-pro-preview,input,15291,2025-12-19 17:11:29.228164,main.py
gemini-3-pro-preview,output,262,2025-12-19 17:11:29.228768,main.py
gemini-3-pro-preview,input,15291,2025-12-19 17:11:47.752550,main.py
gemini-3-pro-preview,output,278,2025-12-19 17:11:47.752893,main.py
gemini-3-pro-preview,input,65,2025-12-23 09:30:09.634359,main.py
gemini-3-pro-preview,output,4,2025-12-23 09:30:09.634752,main.py
gemini-3-flash-preview,input,174,2025-12-23 09:38:39.474050,main.py
gemini-3-flash-preview,output,1,2025-12-23 09:38:39.474759,main.py
gemini-3-flash-preview,input,34439,2025-12-23 09:38:46.250459,main.py
gemini-3-flash-preview,output,1,2025-12-23 09:38:46.250890,main.py
gemini-3-flash-preview,input,34358,2025-12-23 09:39:14.659575,main.py
gemini-3-flash-preview,output,603,2025-12-23 09:39:14.660135,main.py
gemini-3-pro-preview,input,281,2025-12-23 09:39:30.325953,main.py
gemini-3-pro-preview,output,30,2025-12-23 09:39:30.326510,main.py
gemini-3-flash-preview,input,671,2025-12-23 09:39:32.207886,main.py
gemini-3-flash-preview,output,1,2025-12-23 09:39:32.208330,main.py
gemini-3-flash-preview,input,34358,2025-12-23 09:39:51.763925,main.py
gemini-3-flash-preview,output,517,2025-12-23 09:39:51.764032,main.py
gemini-3-flash-preview,input,585,2025-12-23 09:39:53.547759,main.py
gemini-3-flash-preview,output,2,2025-12-23 09:39:53.548326,main.py
gemini-3-flash-preview,input,34358,2025-12-23 09:40:19.313758,main.py
gemini-3-flash-preview,output,197,2025-12-23 09:40:19.314296,main.py
gemini-3-flash-preview,input,265,2025-12-23 09:40:20.845205,main.py
gemini-3-flash-preview,output,1,2025-12-23 09:40:20.845568,main.py
gemini-3-flash-preview,input,34358,2025-12-23 09:40:48.128751,main.py
gemini-3-flash-preview,output,258,2025-12-23 09:40:48.131186,main.py
gemini-3-flash-preview,input,326,2025-12-23 09:40:50.190008,main.py
gemini-3-flash-preview,output,1,2025-12-23 09:40:50.190578,main.py
gemini-3-flash-preview,input,34358,2025-12-23 09:41:04.019897,main.py
gemini-3-flash-preview,output,615,2025-12-23 09:41:04.020356,main.py
gemini-3-flash-preview,input,683,2025-12-23 09:41:06.314835,main.py
gemini-3-flash-preview,output,1,2025-12-23 09:41:06.315354,main.py
gemini-3-flash-preview,input,34358,2025-12-23 09:41:30.148765,main.py
gemini-3-flash-preview,output,519,2025-12-23 09:41:30.149161,main.py
gemini-3-flash-preview,input,587,2025-12-23 09:41:31.483962,main.py
gemini-3-flash-preview,output,2,2025-12-23 09:41:31.484504,main.py
gemini-3-flash-preview,input,34358,2025-12-23 09:41:57.838341,main.py
gemini-3-flash-preview,output,192,2025-12-23 09:41:57.838912,main.py
gemini-3-flash-preview,input,260,2025-12-23 09:41:59.995933,main.py
gemini-3-flash-preview,output,1,2025-12-23 09:41:59.996483,main.py
gemini-3-flash-preview,input,34358,2025-12-23 09:42:14.001287,main.py
gemini-3-flash-preview,output,313,2025-12-23 09:42:14.001873,main.py
gemini-3-flash-preview,input,381,2025-12-23 09:42:15.559811,main.py
gemini-3-flash-preview,output,2,2025-12-23 09:42:15.560858,main.py
gemini-3-flash-preview,input,6398,2025-12-23 14:34:57.337952,main.py
gemini-3-flash-preview,output,1,2025-12-23 14:34:57.338729,main.py
gemini-3-flash-preview,input,6317,2025-12-23 14:35:41.290767,main.py
gemini-3-flash-preview,output,564,2025-12-23 14:35:41.291477,main.py
gemini-3-flash-preview,input,632,2025-12-23 14:35:42.848773,main.py
gemini-3-flash-preview,output,1,2025-12-23 14:35:42.850456,main.py
gemini-3-flash-preview,input,6317,2025-12-23 14:36:01.895564,main.py
gemini-3-flash-preview,output,633,2025-12-23 14:36:01.898680,main.py
gemini-3-flash-preview,input,701,2025-12-23 14:36:03.713530,main.py
gemini-3-flash-preview,output,1,2025-12-23 14:36:03.714337,main.py
gemini-3-pro-preview,input,9632,2025-12-23 14:43:45.463838,main.py
gemini-3-pro-preview,output,363,2025-12-23 14:43:45.468319,main.py
gemini-3-pro-preview,input,9632,2025-12-23 14:44:07.606918,main.py
gemini-3-pro-preview,output,348,2025-12-23 14:44:07.609469,main.py
gemini-3-pro-preview,input,37689,2025-12-23 14:49:48.577650,main.py
gemini-3-pro-preview,output,274,2025-12-23 14:49:48.581925,main.py
gemini-3-pro-preview,input,37688,2025-12-23 14:50:14.164101,main.py
gemini-3-pro-preview,output,333,2025-12-23 14:50:14.165017,main.py
gemini-3-pro-preview,input,35258,2025-12-23 14:50:33.813919,main.py
gemini-3-pro-preview,output,276,2025-12-23 14:50:33.814504,main.py
gemini-3-pro-preview,input,35273,2025-12-23 14:50:49.984301,main.py
gemini-3-pro-preview,output,168,2025-12-23 14:50:49.984927,main.py
gemini-3-pro-preview,input,37689,2025-12-23 14:51:04.259263,main.py
gemini-3-pro-preview,output,173,2025-12-23 14:51:04.259754,main.py
gemini-3-flash-preview,input,4368,2025-12-23 16:27:06.496304,main.py
gemini-3-flash-preview,output,1,2025-12-23 16:27:06.500355,main.py
gemini-3-flash-preview,input,4288,2025-12-23 16:27:24.713477,main.py
gemini-3-flash-preview,output,650,2025-12-23 16:27:24.713752,main.py
gemini-3-flash-preview,input,718,2025-12-23 16:27:26.589260,main.py
gemini-3-flash-preview,output,1,2025-12-23 16:27:26.589769,main.py
gemini-3-flash-preview,input,4288,2025-12-23 16:27:46.417868,main.py
gemini-3-flash-preview,output,208,2025-12-23 16:27:46.418119,main.py
gemini-3-flash-preview,input,275,2025-12-23 16:27:48.773683,main.py
gemini-3-flash-preview,output,1,2025-12-23 16:27:48.774790,main.py
gemini-3-flash-preview,input,4288,2025-12-23 16:28:14.143980,main.py
gemini-3-flash-preview,output,191,2025-12-23 16:28:14.144342,main.py
gemini-3-flash-preview,input,259,2025-12-23 16:28:16.010460,main.py
gemini-3-flash-preview,output,1,2025-12-23 16:28:16.010911,main.py
gemini-3-flash-preview,input,4288,2025-12-23 16:28:24.101537,main.py
gemini-3-flash-preview,output,421,2025-12-23 16:28:24.101886,main.py
gemini-3-flash-preview,input,489,2025-12-23 16:28:25.334504,main.py
gemini-3-flash-preview,output,2,2025-12-23 16:28:25.334982,main.py
gemini-3-pro-preview,input,7348,2025-12-23 16:34:24.969279,main.py
gemini-3-pro-preview,output,131,2025-12-23 16:34:24.972046,main.py
gemini-3-pro-preview,input,7347,2025-12-23 16:34:42.990502,main.py
gemini-3-pro-preview,output,375,2025-12-23 16:34:42.991085,main.py
gemini-3-pro-preview,input,7348,2025-12-23 16:35:29.276125,main.py
gemini-3-pro-preview,output,0,2025-12-23 16:35:29.276764,main.py
gemini-3-pro-preview,input,7348,2025-12-23 16:35:51.985171,main.py
gemini-3-pro-preview,output,306,2025-12-23 16:35:51.985704,main.py
gemini-3-pro-preview,input,7348,2025-12-23 16:37:00.617224,main.py
gemini-3-pro-preview,output,0,2025-12-23 16:37:00.619788,main.py
gemini-3-pro-preview,input,7348,2025-12-23 16:38:07.902583,main.py
gemini-3-pro-preview,output,0,2025-12-23 16:38:07.906783,main.py
gemini-3-pro-preview,input,7348,2025-12-23 16:39:09.427025,main.py
gemini-3-pro-preview,output,0,2025-12-23 16:39:09.429248,main.py
gemini-3-pro-preview,input,7348,2025-12-23 16:40:17.815402,main.py
gemini-3-pro-preview,output,0,2025-12-23 16:40:17.817842,main.py
gemini-3-pro-preview,input,7348,2025-12-23 16:41:15.498562,main.py
gemini-3-pro-preview,output,124,2025-12-23 16:41:15.501273,main.py
gemini-3-flash-preview,input,5654,2025-12-24 13:34:29.292231,main.py
gemini-3-flash-preview,output,1,2025-12-24 13:34:29.293051,main.py
gemini-3-flash-preview,input,5573,2025-12-24 13:35:04.472656,main.py
gemini-3-flash-preview,output,566,2025-12-24 13:35:04.477764,main.py
gemini-3-flash-preview,input,634,2025-12-24 13:35:06.305861,main.py
gemini-3-flash-preview,output,1,2025-12-24 13:35:06.306325,main.py
gemini-3-flash-preview,input,5573,2025-12-24 13:35:14.804095,main.py
gemini-3-flash-preview,output,608,2025-12-24 13:35:14.804573,main.py
gemini-3-flash-preview,input,675,2025-12-24 13:35:16.339826,main.py
gemini-3-flash-preview,output,1,2025-12-24 13:35:16.340310,main.py
gemini-3-pro-preview,input,8478,2025-12-24 13:45:44.068288,main.py
gemini-3-pro-preview,output,350,2025-12-24 13:45:44.072906,main.py
gemini-3-pro-preview,input,8478,2025-12-24 13:46:02.696517,main.py
gemini-3-pro-preview,output,269,2025-12-24 13:46:02.698999,main.py
gemini-3-flash-preview,input,13936,2025-12-24 17:15:42.955452,main.py
gemini-3-flash-preview,output,1,2025-12-24 17:15:42.956246,main.py
gemini-3-flash-preview,input,13856,2025-12-24 17:16:13.234231,main.py
gemini-3-flash-preview,output,493,2025-12-24 17:16:13.237313,main.py
gemini-3-flash-preview,input,560,2025-12-24 17:16:14.871206,main.py
gemini-3-flash-preview,output,1,2025-12-24 17:16:14.871783,main.py
gemini-3-flash-preview,input,13856,2025-12-24 17:16:25.396302,main.py
gemini-3-flash-preview,output,592,2025-12-24 17:16:25.396961,main.py
gemini-3-flash-preview,input,660,2025-12-24 17:16:27.309190,main.py
gemini-3-flash-preview,output,2,2025-12-24 17:16:27.309626,main.py
gemini-3-pro-preview,input,16997,2025-12-24 17:19:44.703235,main.py
gemini-3-pro-preview,output,268,2025-12-24 17:19:44.708029,main.py
gemini-3-pro-preview,input,14916,2025-12-24 17:20:02.780355,main.py
gemini-3-pro-preview,output,379,2025-12-24 17:20:02.783186,main.py
gemini-3-flash-preview,input,5966,2025-12-24 18:31:07.631211,main.py
gemini-3-flash-preview,output,1,2025-12-24 18:31:07.634007,main.py
gemini-3-flash-preview,input,5886,2025-12-24 18:31:24.933571,main.py
gemini-3-flash-preview,output,461,2025-12-24 18:31:24.935388,main.py
gemini-3-flash-preview,input,529,2025-12-24 18:31:26.573124,main.py
gemini-3-flash-preview,output,1,2025-12-24 18:31:26.573578,main.py
gemini-3-flash-preview,input,5886,2025-12-24 18:31:39.996734,main.py
gemini-3-flash-preview,output,657,2025-12-24 18:31:39.997238,main.py
gemini-3-flash-preview,input,724,2025-12-24 18:31:41.537965,main.py
gemini-3-flash-preview,output,2,2025-12-24 18:31:41.538433,main.py
gemini-3-pro-preview,input,8574,2025-12-24 18:37:02.497861,main.py
gemini-3-pro-preview,output,279,2025-12-24 18:37:02.502138,main.py
gemini-3-pro-preview,input,8984,2025-12-24 18:37:19.241216,main.py
gemini-3-pro-preview,output,289,2025-12-24 18:37:19.242617,main.py
gemini-3-flash-preview,input,1772,2025-12-26 19:49:09.207175,main.py
gemini-3-flash-preview,output,1,2025-12-26 19:49:09.207814,main.py
gemini-3-flash-preview,input,23157,2025-12-26 19:49:15.139775,main.py
gemini-3-flash-preview,output,1,2025-12-26 19:49:15.139999,main.py
gemini-3-flash-preview,input,1691,2025-12-26 19:49:48.628242,main.py
gemini-3-flash-preview,output,595,2025-12-26 19:49:48.630998,main.py
gemini-3-flash-preview,input,663,2025-12-26 19:49:50.377313,main.py
gemini-3-flash-preview,output,1,2025-12-26 19:49:50.377542,main.py
gemini-3-flash-preview,input,1691,2025-12-26 19:50:01.898400,main.py
gemini-3-flash-preview,output,582,2025-12-26 19:50:01.898584,main.py
gemini-3-flash-preview,input,649,2025-12-26 19:50:03.677793,main.py
gemini-3-flash-preview,output,2,2025-12-26 19:50:03.678023,main.py
gemini-3-flash-preview,input,23077,2025-12-26 19:50:15.731145,main.py
gemini-3-flash-preview,output,607,2025-12-26 19:50:15.731803,main.py
gemini-3-flash-preview,input,675,2025-12-26 19:50:17.300197,main.py
gemini-3-flash-preview,output,1,2025-12-26 19:50:17.300567,main.py
gemini-3-flash-preview,input,23077,2025-12-26 19:50:39.217448,main.py
gemini-3-flash-preview,output,194,2025-12-26 19:50:39.220197,main.py
gemini-3-flash-preview,input,261,2025-12-26 19:50:40.651396,main.py
gemini-3-flash-preview,output,1,2025-12-26 19:50:40.652144,main.py
gemini-3-flash-preview,input,23077,2025-12-26 19:51:04.629667,main.py
gemini-3-flash-preview,output,478,2025-12-26 19:51:04.629958,main.py
gemini-3-flash-preview,input,545,2025-12-26 19:51:06.147763,main.py
gemini-3-flash-preview,output,1,2025-12-26 19:51:06.148531,main.py
gemini-3-flash-preview,input,23077,2025-12-26 19:51:16.281386,main.py
gemini-3-flash-preview,output,390,2025-12-26 19:51:16.283572,main.py
gemini-3-flash-preview,input,458,2025-12-26 19:51:17.511380,main.py
gemini-3-flash-preview,output,1,2025-12-26 19:51:17.513265,main.py
gemini-3-pro-preview,input,4572,2025-12-26 19:57:59.338175,main.py
gemini-3-pro-preview,output,165,2025-12-26 19:57:59.342192,main.py
gemini-3-pro-preview,input,4572,2025-12-26 19:58:17.463395,main.py
gemini-3-pro-preview,output,291,2025-12-26 19:58:17.465899,main.py
gemini-3-pro-preview,input,26861,2025-12-26 22:10:58.468678,main.py
gemini-3-pro-preview,output,553,2025-12-26 22:10:58.469482,main.py
gemini-3-pro-preview,input,26862,2025-12-26 22:11:24.191476,main.py
gemini-3-pro-preview,output,357,2025-12-26 22:11:24.191917,main.py
gemini-3-pro-preview,input,24733,2025-12-26 22:11:44.745586,main.py
gemini-3-pro-preview,output,273,2025-12-26 22:11:44.746027,main.py
gemini-3-pro-preview,input,24431,2025-12-26 22:12:19.062152,main.py
gemini-3-pro-preview,output,336,2025-12-26 22:12:19.062992,main.py
gemini-3-flash-preview,input,264,2025-12-26 23:18:27.210433,main.py
gemini-3-flash-preview,output,236,2025-12-26 23:18:27.214021,main.py
gemini-3-flash-preview,input,304,2025-12-26 23:18:28.854489,main.py
gemini-3-flash-preview,output,1,2025-12-26 23:18:28.856096,main.py
gemini-3-flash-preview,input,264,2025-12-26 23:18:34.529051,main.py
gemini-3-flash-preview,output,273,2025-12-26 23:18:34.529256,main.py
gemini-3-flash-preview,input,341,2025-12-26 23:18:36.211926,main.py
gemini-3-flash-preview,output,1,2025-12-26 23:18:36.212115,main.py
gemini-3-flash-preview,input,264,2025-12-26 23:37:12.972124,main.py
gemini-3-flash-preview,output,236,2025-12-26 23:37:12.976211,main.py
gemini-3-flash-preview,input,304,2025-12-26 23:37:14.523102,main.py
gemini-3-flash-preview,output,1,2025-12-26 23:37:14.523303,main.py
gemini-3-flash-preview,input,264,2025-12-26 23:37:20.417093,main.py
gemini-3-flash-preview,output,273,2025-12-26 23:37:20.419220,main.py
gemini-3-flash-preview,input,341,2025-12-26 23:37:21.868465,main.py
gemini-3-flash-preview,output,1,2025-12-26 23:37:21.870293,main.py
gemini-3-flash-preview,input,264,2025-12-26 23:38:50.850994,main.py
gemini-3-flash-preview,output,273,2025-12-26 23:38:50.852376,main.py
gemini-3-flash-preview,input,341,2025-12-26 23:38:52.339738,main.py
gemini-3-flash-preview,output,1,2025-12-26 23:38:52.340120,main.py
gemini-3-flash-preview,input,264,2025-12-26 23:38:55.458484,main.py
gemini-3-flash-preview,output,236,2025-12-26 23:38:55.458731,main.py
gemini-3-flash-preview,input,304,2025-12-26 23:38:57.349466,main.py
gemini-3-flash-preview,output,1,2025-12-26 23:38:57.349770,main.py
gemini-3-flash-preview,input,264,2025-12-26 23:48:33.433428,main.py
gemini-3-flash-preview,output,273,2025-12-26 23:48:33.436461,main.py
gemini-3-flash-preview,input,341,2025-12-26 23:48:35.000183,main.py
gemini-3-flash-preview,output,1,2025-12-26 23:48:35.000287,main.py
gemini-3-flash-preview,input,264,2025-12-26 23:48:37.976811,main.py
gemini-3-flash-preview,output,236,2025-12-26 23:48:37.977084,main.py
gemini-3-flash-preview,input,304,2025-12-26 23:48:39.628625,main.py
gemini-3-flash-preview,output,1,2025-12-26 23:48:39.628872,main.py
gemini-3-flash-preview,input,264,2025-12-26 23:49:50.369731,main.py
gemini-3-flash-preview,output,236,2025-12-26 23:49:50.374382,main.py
gemini-3-flash-preview,input,304,2025-12-26 23:49:52.002180,main.py
gemini-3-flash-preview,output,1,2025-12-26 23:49:52.003914,main.py
gemini-3-flash-preview,input,264,2025-12-26 23:49:57.951019,main.py
gemini-3-flash-preview,output,273,2025-12-26 23:49:57.953377,main.py
gemini-3-flash-preview,input,341,2025-12-26 23:49:59.849726,main.py
gemini-3-flash-preview,output,1,2025-12-26 23:49:59.849925,main.py
gemini-3-flash-preview,input,264,2025-12-26 23:53:06.058901,main.py
gemini-3-flash-preview,output,236,2025-12-26 23:53:06.061510,main.py
gemini-3-flash-preview,input,304,2025-12-26 23:53:07.774163,main.py
gemini-3-flash-preview,output,1,2025-12-26 23:53:07.777643,main.py
gemini-3-flash-preview,input,264,2025-12-26 23:53:13.628918,main.py
gemini-3-flash-preview,output,273,2025-12-26 23:53:13.629287,main.py
gemini-3-flash-preview,input,341,2025-12-26 23:53:15.471591,main.py
gemini-3-flash-preview,output,1,2025-12-26 23:53:15.471849,main.py
gemini-3-flash-preview,input,264,2025-12-26 23:53:36.450112,main.py
gemini-3-flash-preview,output,236,2025-12-26 23:53:36.451934,main.py
gemini-3-flash-preview,input,304,2025-12-26 23:53:37.997576,main.py
gemini-3-flash-preview,output,1,2025-12-26 23:53:38.000193,main.py
gemini-3-flash-preview,input,264,2025-12-26 23:53:43.739227,main.py
gemini-3-flash-preview,output,273,2025-12-26 23:53:43.742775,main.py
gemini-3-flash-preview,input,341,2025-12-26 23:53:45.281153,main.py
gemini-3-flash-preview,output,1,2025-12-26 23:53:45.281636,main.py
gemini-3-flash-preview,input,264,2025-12-27 00:00:04.993976,main.py
gemini-3-flash-preview,output,236,2025-12-27 00:00:04.999626,main.py
gemini-3-flash-preview,input,304,2025-12-27 00:00:06.617916,main.py
gemini-3-flash-preview,output,1,2025-12-27 00:00:06.621167,main.py
gemini-3-flash-preview,input,264,2025-12-27 00:00:12.499887,main.py
gemini-3-flash-preview,output,273,2025-12-27 00:00:12.500064,main.py
gemini-3-flash-preview,input,341,2025-12-27 00:00:14.022094,main.py
gemini-3-flash-preview,output,1,2025-12-27 00:00:14.022309,main.py
gemini-3-flash-preview,input,264,2025-12-27 00:10:33.105898,main.py
gemini-3-flash-preview,output,236,2025-12-27 00:10:33.106541,main.py
gemini-3-flash-preview,input,304,2025-12-27 00:10:34.878264,main.py
gemini-3-flash-preview,output,1,2025-12-27 00:10:34.878681,main.py
gemini-3-flash-preview,input,264,2025-12-27 00:10:40.630246,main.py
gemini-3-flash-preview,output,273,2025-12-27 00:10:40.630361,main.py
gemini-3-flash-preview,input,341,2025-12-27 00:10:42.732352,main.py
gemini-3-flash-preview,output,1,2025-12-27 00:10:42.734729,main.py
gemini-3-flash-preview,input,264,2025-12-27 00:12:01.283454,main.py
gemini-3-flash-preview,output,273,2025-12-27 00:12:01.283826,main.py
gemini-3-flash-preview,input,341,2025-12-27 00:12:02.913607,main.py
gemini-3-flash-preview,output,1,2025-12-27 00:12:02.913884,main.py
gemini-3-flash-preview,input,264,2025-12-27 00:12:05.984138,main.py
gemini-3-flash-preview,output,236,2025-12-27 00:12:05.984400,main.py
gemini-3-flash-preview,input,304,2025-12-27 00:12:07.726796,main.py
gemini-3-flash-preview,output,1,2025-12-27 00:12:07.727062,main.py
gemini-3-flash-preview,input,264,2025-12-27 00:14:42.457978,main.py
gemini-3-flash-preview,output,273,2025-12-27 00:14:42.462073,main.py
gemini-3-flash-preview,input,341,2025-12-27 00:14:44.091006,main.py
gemini-3-flash-preview,output,1,2025-12-27 00:14:44.091340,main.py
gemini-3-flash-preview,input,264,2025-12-27 00:14:47.186254,main.py
gemini-3-flash-preview,output,236,2025-12-27 00:14:47.186625,main.py
gemini-3-flash-preview,input,304,2025-12-27 00:14:48.865686,main.py
gemini-3-flash-preview,output,1,2025-12-27 00:14:48.866082,main.py
gemini-3-pro-preview,input,428,2025-12-27 00:47:58.355847,debug_entity_resolution.py
gemini-3-pro-preview,output,170,2025-12-27 00:47:58.358796,debug_entity_resolution.py
gemini-3-flash-preview,input,6508,2025-12-27 00:55:52.582290,main.py
gemini-3-flash-preview,output,282,2025-12-27 00:55:52.582794,main.py
gemini-3-flash-preview,input,6709,2025-12-27 00:56:11.636795,main.py
gemini-3-flash-preview,output,1248,2025-12-27 00:56:11.639172,main.py
gemini-3-flash-preview,input,525,2025-12-27 01:00:17.034746,main.py
gemini-3-flash-preview,output,296,2025-12-27 01:00:17.038805,main.py
gemini-3-flash-preview,input,2224,2025-12-27 01:04:45.476272,main.py
gemini-3-flash-preview,output,128,2025-12-27 01:04:45.478720,main.py
gemini-3-flash-preview,input,24512,2025-12-27 01:05:08.377561,main.py
gemini-3-flash-preview,output,124,2025-12-27 01:05:08.379876,main.py
gemini-3-flash-preview,input,2208,2025-12-27 01:09:55.343472,main.py
gemini-3-flash-preview,output,502,2025-12-27 01:09:55.345877,main.py
gemini-3-flash-preview,input,2317,2025-12-27 01:15:33.132812,main.py
gemini-3-flash-preview,output,115,2025-12-27 01:15:33.133294,main.py
gemini-3-flash-preview,input,2317,2025-12-27 01:19:08.847885,main.py
gemini-3-flash-preview,output,335,2025-12-27 01:19:08.851648,main.py
gemini-3-flash-preview,input,24676,2025-12-27 01:23:31.828826,main.py
gemini-3-flash-preview,output,444,2025-12-27 01:23:31.831647,main.py
gemini-3-flash-preview,input,24676,2025-12-27 01:30:34.540203,main.py
gemini-3-flash-preview,output,442,2025-12-27 01:30:34.544200,main.py
gemini-3-flash-preview,input,24676,2025-12-27 01:39:34.239860,main.py
gemini-3-flash-preview,output,742,2025-12-27 01:39:34.243052,main.py
gemini-3-flash-preview,input,14968,2025-12-27 02:04:42.196546,main.py
gemini-3-flash-preview,output,981,2025-12-27 02:04:42.202422,main.py
gemini-3-flash-preview,input,7608,2025-12-27 02:09:32.664707,main.py
gemini-3-flash-preview,output,1005,2025-12-27 02:09:32.667508,main.py
claude-opus-4-5-20251101,input,7608,2025-12-27 02:11:24.468749,main.py
claude-opus-4-5-20251101,output,821,2025-12-27 02:11:24.469430,main.py
claude-opus-4-5-20251101,input,6960,2025-12-27 02:11:34.960913,main.py
claude-opus-4-5-20251101,output,597,2025-12-27 02:11:34.961140,main.py
claude-opus-4-5-20251101,input,6453,2025-12-27 02:11:48.515022,main.py
claude-opus-4-5-20251101,output,619,2025-12-27 02:11:48.518784,main.py
claude-opus-4-5-20251101,input,5319,2025-12-27 02:12:03.036022,main.py
claude-opus-4-5-20251101,output,919,2025-12-27 02:12:03.036503,main.py
claude-opus-4-5-20251101,input,8762,2025-12-27 02:33:57.332983,main.py
claude-opus-4-5-20251101,output,663,2025-12-27 02:33:57.335407,main.py
claude-opus-4-5-20251101,input,13967,2025-12-27 02:34:14.932636,main.py
claude-opus-4-5-20251101,output,1198,2025-12-27 02:34:14.933257,main.py
claude-opus-4-5-20251101,input,14229,2025-12-27 02:34:30.037962,main.py
claude-opus-4-5-20251101,output,954,2025-12-27 02:34:30.038543,main.py
claude-opus-4-5-20251101,input,1511,2025-12-27 02:34:32.193904,main.py
claude-opus-4-5-20251101,output,8,2025-12-27 02:34:32.194107,main.py
claude-opus-4-5-20251101,input,4085,2025-12-27 02:34:39.871907,main.py
claude-opus-4-5-20251101,output,544,2025-12-27 02:34:39.872198,main.py
claude-opus-4-5-20251101,input,36361,2025-12-27 02:35:10.469728,main.py
claude-opus-4-5-20251101,output,1465,2025-12-27 02:35:10.470370,main.py
claude-opus-4-5-20251101,input,15104,2025-12-27 02:35:26.875368,main.py
claude-opus-4-5-20251101,output,1087,2025-12-27 02:35:26.880046,main.py
gemini-3-pro-preview,input,4784,2025-12-27 12:40:44.066846,main.py
gemini-3-pro-preview,output,127,2025-12-27 12:40:44.067423,main.py
gemini-3-pro-preview,input,4784,2025-12-27 12:41:19.136639,main.py
gemini-3-pro-preview,output,97,2025-12-27 12:41:19.137021,main.py
gemini-3-pro-preview,input,4784,2025-12-27 12:44:29.818407,main.py
gemini-3-pro-preview,output,259,2025-12-27 12:44:29.821435,main.py
gemini-3-pro-preview,input,4784,2025-12-27 12:44:42.419525,main.py
gemini-3-pro-preview,output,130,2025-12-27 12:44:42.419965,main.py
gemini-3-pro-preview,input,4784,2025-12-27 12:49:28.930298,main.py
gemini-3-pro-preview,output,190,2025-12-27 12:49:28.933029,main.py
gemini-3-pro-preview,input,4784,2025-12-27 12:49:49.599334,main.py
gemini-3-pro-preview,output,103,2025-12-27 12:49:49.601824,main.py
gemini-3-flash-preview,input,2224,2025-12-27 12:49:56.265614,main.py
gemini-3-flash-preview,output,244,2025-12-27 12:49:56.266011,main.py
